category,sub,response,area,shape_index,wrong,geometry,OLCs
Bike use,B01,Bike Pump tracks/trails,1821.88,1.18,FALSE,"POLYGON ((-12308062.320053905 5727649.880438924, -12308056.308801403 5727629.011678219, -12308045.510810796 5727603.3638789095, -12307985.286966275 5727649.243224135, -12308062.320053905 5727649.880438924))",85QFMCCP+22
Bike use,B01,Terrain Park or pump track,13179.56,1.08,FALSE,"POLYGON ((-12308103.508265499 5727661.987528591, -12308133.341889031 5727655.296766481, -12308165.62454136 5727653.385121085, -12308188.890314937 5727643.189685897, -12308147.702103345 5727531.677874599, -12308085.585827481 5727569.91033851, -12308030.037401576 5727608.142966356, -12308011.447046611 5727656.411893151, -12308068.331306407 5727649.402527828, -12308103.508265499 5727661.987528591))",85QFMC9M+XQ
Bike use,B01,Bike Pump Track,4735.97,1.77,FALSE,"POLYGON ((-12308103.508265499 5727657.049108454, -12308194.233650496 5727654.02233617, -12308224.735190973 5727634.268689672, -12308086.81034188 5727625.984915455, -12307985.84356373 5727655.296766481, -12308103.508265499 5727657.049108454))",85QFMCCM+3P
Bike use,B01,"earthen pump track, skills area and multi-use connector trail",22071.82,1.16,FALSE,"POLYGON ((-12308257.574440757 5727603.3638789095, -12308197.239276746 5727486.277036627, -12307981.056825627 5727649.880438924, -12308184.103576833 5727648.12809836, -12308257.574440757 5727603.3638789095))",85QFMC9M+WJ
Bike use,B01,Bike skills park and muliy-use trail connector,23638.48,1.17,TRUE,"POLYGON ((-12308103.508265499 5727657.049108454, -12308187.665800538 5727649.243224135, -12308236.089779034 5727624.232579588, -12308268.261111872 5727600.974336148, -12308222.286162175 5727542.9882947635, -12308200.801500453 5727480.860811741, -12307982.281340025 5727650.995564918, -12308046.17872774 5727650.995564918, -12308103.508265499 5727657.049108454))",85QFMC9M+WJ
Bike use,B01,Youth bike skills development park,2759.05,1.07,FALSE,"POLYGON ((-12308213.380602913 5727556.369655459, -12308226.516302826 5727545.3778219875, -12308203.25052925 5727478.471301809, -12308152.488841448 5727520.845372961, -12308213.380602913 5727556.369655459))",85QFMC9M+PC
Bike use,B01,"Bike pump track, bike skills/progression park",27810.35,1.15,TRUE,"POLYGON ((-12308103.508265499 5727661.987528591, -12308199.576986054 5727654.02233617, -12308264.142290713 5727605.116210675, -12308206.144836009 5727475.444590147, -12307960.796678303 5727655.296766481, -12308103.508265499 5727661.987528591))",85QFMC9M+WJ
Bike use,B01,Progressive mountain bike area - all abilities and all ages with dirt trails and structured trail features,10360.59,1.12,FALSE,"POLYGON ((-12308063.433248812 5727645.101329108, -12308092.153677437 5727647.490883695, -12308176.311212478 5727639.685007744, -12308247.333047604 5727601.45224465, -12308231.859638382 5727564.494062822, -12308209.15046226 5727546.015029354, -12308194.790247949 5727541.713880506, -12308161.394400712 5727565.609178135, -12308142.247448295 5727582.495227076, -12308114.194936614 5727588.389421499, -12308101.727153644 5727603.3638789095, -12308080.242491923 5727620.568605705, -12308074.23123942 5727624.232579588, -12308058.089913255 5727640.959436004, -12308063.433248812 5727645.101329108))",85QFMC9M+WH
Bike use,B01,Mountain Bike trail,5835.61,1,FALSE,"POLYGON ((-12308237.202973941 5727546.015029354, -12308237.202973941 5727622.320940853, -12308160.726483768 5727622.320940853, -12308160.726483768 5727546.015029354, -12308237.202973941 5727546.015029354))",85QFMC9M+WC
Bike use,B01,"Pump Track (great for exercise for kids and adults to bike up the hill and get a bit of fun at the end, with potential routes leading from the pump track to connectivity across town.",36875.42,1.19,TRUE,"POLYGON ((-12308319.690716619 5727542.351087612, -12308322.028425926 5727530.722065102, -12308331.045304678 5727511.287294212, -12308335.832042783 5727447.407730953, -12308323.809537778 5727402.644519185, -12308289.189176142 5727417.618664656, -12308231.859638382 5727463.497054143, -12307997.198151791 5727642.074560882, -12308135.679598339 5727647.490883695, -12308194.90156744 5727643.348989484, -12308248.557562003 5727613.399965507, -12308279.615699934 5727589.504539802, -12308302.88147351 5727575.167315117, -12308316.017173423 5727557.962675927, -12308317.241687821 5727547.767349849, -12308319.690716619 5727542.351087612))",85QFMC9M+RC
Bike use,B02,"Small pump track for kids to enjoy the space and use there bike in a safe area, use of dirt or items that can easily be rearranged",3926.54,1,FALSE,"POLYGON ((-12308319.022799674 5727471.143475342, -12308346.40739441 5727443.743829732, -12308340.507461399 5727410.45018762, -12308321.360508982 5727380.979842585, -12308264.698888168 5727434.18583363, -12308319.022799674 5727471.143475342))",85QFMC9M+G2
Bike use,B02,Kids Pump track,9034.78,1.12,FALSE,"POLYGON ((-12308310.11724041 5727550.156878354, -12308324.477454724 5727554.935937281, -12308334.607528385 5727504.755946291, -12308344.181004593 5727441.513629724, -12308322.69634287 5727388.944791098, -12308284.402438037 5727415.707070216, -12308233.084152782 5727458.240143374, -12308262.361178862 5727482.613119435, -12308304.773904854 5727522.597688511, -12308310.11724041 5727550.156878354))",85QFMC9M+J3
Bike use,B03,Bike Skills/jump park,23374,1,FALSE,"POLYGON ((-12308162.618915109 5727455.213438579, -12308162.618915109 5727608.142966356, -12308009.777254252 5727608.142966356, -12308009.777254252 5727455.213438579, -12308162.618915109 5727455.213438579))",85QFMC9M+QR
Bike use,B04,Bike Use Area,122.03,1,FALSE,"POLYGON ((-12308208.037267353 5727482.135217302, -12308187.665800538 5727483.250322316, -12308322.028425926 5727380.024049242, -12308344.181004593 5727414.591973649, -12308349.52434015 5727451.5495341495, -12308342.956490194 5727486.914239772, -12308335.832042783 5727507.782667902, -12308351.305452004 5727511.924499143, -12308345.294199502 5727528.651144876, -12308332.826416532 5727524.987210271, -12308326.81516403 5727553.6615213165, -12308310.673837865 5727570.388245346, -12308260.580067007 5727598.584794026, -12308219.948452868 5727605.116210675, -12308182.32246498 5727629.489588223, -12308136.904112738 5727643.348989484, -12308083.136798684 5727643.348989484, -12308062.320053905 5727638.569883167, -12308050.297548898 5727619.931393009, -12308056.308801403 5727600.974336148, -12308108.295003602 5727557.962675927, -12308165.62454136 5727535.819716939, -12308169.186765067 5727522.119784236, -12308193.009136096 5727483.250322316, -12308206.812752955 5727479.745707028, -12308178.09232433 5727524.509305866, -12308173.305586226 5727539.961561202, -12308114.194936614 5727563.856854133, -12308065.88227761 5727603.8417875385, -12308058.64651071 5727619.453483516, -12308065.214360666 5727630.7640150245, -12308083.804715628 5727634.9059033925, -12308135.123000884 5727635.543117158, -12308178.09232433 5727621.205818446, -12308218.723938469 5727596.195252543, -12308261.136664461 5727589.504539802, -12308309.449323466 5727562.104530477, -12308296.981540497 5727517.818646916, -12308231.859638382 5727465.408658829, -12308208.037267353 5727482.135217302))",85QFMC9M+M5
Bike use,B05,Dirt bike park/pump track,366.02,1,FALSE,"POLYGON ((-12308206.812752955 5727517.818646916, -12308206.812752955 5727536.934828666, -12308187.665800538 5727536.934828666, -12308187.665800538 5727517.818646916, -12308206.812752955 5727517.818646916))",85QFMC9M+QC
Bike use,B06,Kids bike park,1464.07,1,FALSE,"POLYGON ((-12308214.159839347 5727555.732447351, -12308214.159839347 5727593.965014405, -12308175.865934514 5727593.965014405, -12308175.865934514 5727555.732447351, -12308214.159839347 5727555.732447351))",85QFMC9M+VC
Fences & Barriers,F01,Fenced dog park,10843.74,1.4,FALSE,"POLYGON ((-12308163.732110016 5727657.208412285, -12308199.576986054 5727649.243224135, -12308236.089779034 5727628.374464921, -12308209.15046226 5727592.531290181, -12308190.671426788 5727572.777779912, -12308163.84342951 5727572.299872948, -12308143.471962692 5727581.858017101, -12308132.117374633 5727584.247554741, -12308111.300629854 5727602.089456025, -12308104.732779896 5727607.50575455, -12308094.491386743 5727612.284844214, -12308065.88227761 5727620.568605705, -12308022.912954165 5727648.12809836, -12307971.483349418 5727653.385121085, -12308163.732110016 5727657.208412285))",85QFMC9M+XJ
Fences & Barriers,F01,Fenced in dog park,22877.96,1.15,FALSE,"POLYGON ((-12308103.508265499 5727661.987528591, -12308197.239276746 5727649.880438924, -12308267.036597474 5727604.478999085, -12308153.602036355 5727509.534980885, -12308049.740951447 5727590.141750323, -12307969.14564011 5727654.659551303, -12308061.095539507 5727654.02233617, -12308103.508265499 5727661.987528591))",85QFMC9M+WM
Fences & Barriers,F01,D3 - Fenced Dog Park,12478.16,1.02,FALSE,"POLYGON ((-12308100.502639247 5727645.101329108, -12308192.452538641 5727647.490883695, -12308238.984085795 5727622.480244065, -12308161.394400712 5727526.898828138, -12308056.865398856 5727605.753422313, -12308100.502639247 5727645.101329108))",85QFMC9M+WJ
Fences & Barriers,F01,Dog park,4863.05,1.29,FALSE,"POLYGON ((-12308133.898486486 5727655.774677893, -12308112.525144253 5727642.5524715865, -12308073.006725023 5727585.999882751, -12307981.056825627 5727651.632779832, -12308133.898486486 5727655.774677893))",85QFMCCM+2W
Fences & Barriers,F01,Dog Park,17486.53,1.16,FALSE,"POLYGON ((-12308097.497012995 5727655.774677893, -12308170.96787692 5727655.296766481, -12308206.144836009 5727649.243224135, -12308231.859638382 5727631.879138627, -12308175.19801757 5727566.883595808, -12308159.056691404 5727542.9882947635, -12308139.909738988 5727523.872100037, -12307976.270087522 5727652.907209801, -12308097.497012995 5727655.774677893))",85QFMC9M+XP
Fences & Barriers,F02,Low stone wall,1464.05,1,FALSE,"POLYGON ((-12308313.122866662 5727437.212531287, -12308313.122866662 5727475.444590147, -12308274.82896183 5727475.444590147, -12308274.82896183 5727437.212531287, -12308313.122866662 5727437.212531287))",85QFMC9M+H3
Fences & Barriers,F02,paved sidewalk surrounding entire park with upper portion a playground with shade trees for children. Lower portion could be a fenced in dog park. Parking could just be standard street parking.,13352.46,1.07,FALSE,"POLYGON ((-12308322.69634287 5727547.289444226, -12308362.103442611 5727501.729225706, -12308347.7432283 5727355.9699505, -12308228.297414677 5727457.602942278, -12308322.69634287 5727547.289444226))",85QFMC9M+H2
Fences & Barriers,F03,D1 Entrance,355.62,0.97,FALSE,"POLYGON ((-12308154.2699533 5727563.856854133, -12308168.518848121 5727562.104530477, -12308171.524474373 5727551.271991874, -12308161.394400712 5727541.235975208, -12308145.920991492 5727553.6615213165, -12308154.2699533 5727563.856854133))",85QFMC9M+RH
Fences & Barriers,F04,Several Trees for shade and to obscure the utility infrastructure,861.52,1.44,FALSE,"POLYGON ((-12308219.948452868 5727518.455852313, -12308211.599491058 5727522.119784236, -12308196.682679292 5727476.718994933, -12308226.516302826 5727454.576237699, -12308232.416235836 5727462.381951599, -12308211.599491058 5727483.887525244, -12308219.948452868 5727518.455852313))",85QFMC9M+M9
Fences & Barriers,F05,D3 - Dog Park Entrance,324.24,1.07,FALSE,"POLYGON ((-12308054.52768955 5727618.816270902, -12308074.787836874 5727603.8417875385, -12308065.214360666 5727594.28361982, -12308044.954213342 5727611.647632112, -12308054.52768955 5727618.816270902))",85QFMC9M+XW
Parking,P01,WASTE OF MONEY AND TAXPAYER DOLLARS PARK,1425.13,1.07,FALSE,"POLYGON ((-12308103.508265499 5727661.987528591, -12308112.525144253 5727642.5524715865, -12308080.019852942 5727601.133638979, -12308068.331306407 5727649.402527828, -12308103.508265499 5727661.987528591))",85QFMCCM+2R
Parking,P01,Miriam Skertich,1425.13,1.07,FALSE,"POLYGON ((-12308103.508265499 5727661.987528591, -12308112.525144253 5727642.5524715865, -12308080.019852942 5727601.133638979, -12308068.331306407 5727649.402527828, -12308103.508265499 5727661.987528591))",85QFMCCM+2R
Parking,P01,Miriam Skertich,1425.13,1.07,FALSE,"POLYGON ((-12308103.508265499 5727661.987528591, -12308112.525144253 5727642.5524715865, -12308080.019852942 5727601.133638979, -12308068.331306407 5727649.402527828, -12308103.508265499 5727661.987528591))",85QFMCCM+2R
Parking,P01,Small parking lot with a few trees for shade,3990.15,1.06,FALSE,"POLYGON ((-12308184.103576833 5727567.361502482, -12308217.49942407 5727518.9337563915, -12308204.363724157 5727474.807387822, -12308127.998553472 5727533.908097158, -12308184.103576833 5727567.361502482))",85QFMC9M+QF
Parking,P01,parking,1947.76,1,TRUE,"POLYGON ((-12308203.807126703 5727546.492934909, -12308227.740817225 5727525.624416179, -12308219.948452868 5727506.030355264, -12308205.031641101 5727486.277036627, -12308165.62454136 5727511.924499143, -12308203.807126703 5727546.492934909))",85QFMC9M+PC
Parking,P01,D3 - Public Parking,1231.91,1.04,FALSE,"POLYGON ((-12308203.807126703 5727566.883595808, -12308222.95407912 5727551.909199664, -12308200.801500453 5727512.56170412, -12308176.311212478 5727528.651144876, -12308203.807126703 5727566.883595808))",85QFMC9M+QC
Parking,P01,Traffic speeding,8308.67,1.08,FALSE,"POLYGON ((-12308103.508265499 5727661.987528591, -12308208.593864808 5727559.714998772, -12308129.11174838 5727538.846449095, -12308080.019852942 5727601.133638979, -12308068.331306407 5727649.402527828, -12308103.508265499 5727661.987528591))",85QFMC9M+WM
Parking,P01,PARKING,1887.09,1.2,FALSE,"POLYGON ((-12308249.782076402 5727603.523181784, -12308258.798955154 5727584.088252212, -12308216.942826616 5727516.066332307, -12308203.807126703 5727538.20924224, -12308224.735190973 5727578.194060631, -12308249.782076402 5727603.523181784))",85QFMC9M+R8
Parking,P02,Parking,2030.25,1.56,FALSE,"POLYGON ((-12308275.608198265 5727614.037177735, -12308304.2173074 5727584.725462345, -12308336.499959728 5727549.041764973, -12308343.067809686 5727517.340742896, -12308269.040348308 5727594.28361982, -12308249.336798437 5727613.399965507, -12308275.608198265 5727614.037177735))",85QFMC9M+V3
Parking,P02,Parking,2030.25,1.56,FALSE,"POLYGON ((-12308275.608198265 5727614.037177735, -12308304.2173074 5727584.725462345, -12308336.499959728 5727549.041764973, -12308343.067809686 5727517.340742896, -12308269.040348308 5727594.28361982, -12308249.336798437 5727613.399965507, -12308275.608198265 5727614.037177735))",85QFMC9M+V3
Parking,P03,Parking,2466.3,1.04,FALSE,"POLYGON ((-12308317.241687821 5727459.355245397, -12308317.909604765 5727467.160963483, -12308326.81516403 5727470.187672333, -12308339.39426649 5727467.160963483, -12308340.507461399 5727448.682131732, -12308336.388640238 5727418.733761601, -12308320.247314073 5727388.307594957, -12308290.413690541 5727416.981466463, -12308301.100361658 5727443.903129754, -12308317.241687821 5727459.355245397))",85QFMC9J+GX
Parking,P03,Off-Street Parking and Bathroom,1326.11,1.57,TRUE,"POLYGON ((-12308321.360508982 5727515.429127078, -12308316.017173423 5727509.375679691, -12308314.236061571 5727507.145463268, -12308328.484956391 5727513.0396078825, -12308337.613154637 5727487.392142159, -12308345.962116446 5727463.497054143, -12308341.731975796 5727448.682131732, -12308325.034052178 5727456.965741229, -12308311.23043532 5727494.082778279, -12308319.579397129 5727486.117735849, -12308323.141620833 5727496.950195296, -12308299.319249805 5727501.092021503, -12308315.349256476 5727517.181441564, -12308321.360508982 5727515.429127078))",85QFMC9J+JX
Parking,P03,Parking area,3347.47,1.02,FALSE,"POLYGON ((-12308282.06472873 5727435.460232518, -12308302.324876055 5727447.407730953, -12308320.247314073 5727458.718044223, -12308343.513087649 5727464.13425566, -12308343.513087649 5727461.107548864, -12308345.294199502 5727431.955636012, -12308335.832042783 5727403.759614255, -12308320.247314073 5727382.4135327935, -12308290.970287995 5727409.175792308, -12308272.491252523 5727422.875551476, -12308282.06472873 5727435.460232518))",85QFMC9M+G2
Parking,P03,Parking,1457.95,1,FALSE,"POLYGON ((-12308327.928358937 5727431.318436797, -12308327.928358937 5727469.391169905, -12308289.634454105 5727469.391169905, -12308289.634454105 5727431.318436797, -12308327.928358937 5727431.318436797))",85QFMC9M+H2
Parking,P04,Parking,1822.7,1.03,FALSE,"POLYGON ((-12308299.98716675 5727521.482578577, -12308317.909604765 5727571.0254545, -12308335.16412584 5727550.794086061, -12308347.7432283 5727513.0396078825, -12308317.909604765 5727503.003634247, -12308299.98716675 5727521.482578577))",85QFMC9J+QX
Parking,P05,D1 Parking,969.09,1.12,FALSE,"POLYGON ((-12308178.760241274 5727507.782667902, -12308164.956624417 5727493.445574623, -12308126.774039075 5727525.624416179, -12308139.909738988 5727539.324354268, -12308178.760241274 5727507.782667902))",85QFMC9M+PH
Parking,P06,Bike parking,650.26,1.07,FALSE,"POLYGON ((-12308009.109337306 5727671.54576889, -12308018.12621606 5727652.110691048, -12307989.405787434 5727645.101329108, -12307973.932378216 5727658.80145077, -12308009.109337306 5727671.54576889))",85QFMCCP+34
Parking,P07,Good area for parking,90.44,1,FALSE,"POLYGON ((-12307963.690985061 5727649.880438924, -12307963.690985061 5727659.438666242, -12307954.228828344 5727659.438666242, -12307954.228828344 5727649.880438924, -12307963.690985061 5727649.880438924))",85QFMCCP+37
Pedestrian Use,PE01,Off leash dog walking path,39604.45,1.19,FALSE,"POLYGON ((-12308151.820924502 5727649.880438924, -12308223.510676574 5727636.18033097, -12308293.975914245 5727578.831270345, -12308347.075311353 5727513.0396078825, -12308324.366135234 5727399.61783326, -12308043.729698943 5727595.55804159, -12307988.292592527 5727649.880438924, -12308068.331306407 5727649.402527828, -12308151.820924502 5727649.880438924))",85QFMC9M+RC
Pedestrian Use,PE01,Gazebo/Covered Dining Area,1697.56,1.16,FALSE,"POLYGON ((-12308047.959839592 5727656.411893151, -12308042.505184542 5727637.295455248, -12308016.90170166 5727617.541845807, -12307969.03432062 5727654.659551303, -12308047.959839592 5727656.411893151))",85QFMCCP+23
Pedestrian Use,PE01,"Benches, Picnic Tables, Relaxation Area",2856.14,1.76,FALSE,"POLYGON ((-12308103.508265499 5727661.987528591, -12308159.613288859 5727657.686323802, -12308187.109203085 5727654.02233617, -12308230.07852653 5727637.295455248, -12308274.383683866 5727596.673160789, -12308230.746443475 5727608.620875243, -12308193.67705304 5727629.489588223, -12308170.96787692 5727639.685007744, -12308145.364394037 5727639.685007744, -12308103.508265499 5727661.987528591))",85QFMCCM+2C
Pedestrian Use,PE01,E. Reservoir/Blue Heron connector trail,2535.97,2.16,FALSE,"POLYGON ((-12308083.804715628 5727657.049108454, -12308159.613288859 5727655.296766481, -12308031.261915974 5727637.295455248, -12308053.303175151 5727590.141750323, -12308024.02614907 5727608.142966356, -12307991.854816234 5727646.853669075, -12308083.804715628 5727657.049108454))",85QFMCCM+2X
Pedestrian Use,PE01,pathway,7602.2,1.15,FALSE,"POLYGON ((-12308103.508265499 5727661.987528591, -12308112.525144253 5727642.5524715865, -12308085.585827481 5727560.352207162, -12308012.114963558 5727618.816270902, -12307963.690985061 5727655.296766481, -12308103.508265499 5727661.987528591))",85QFMCCM+2W
Pedestrian Use,PE01,Peace Garden,40330.65,1.22,TRUE,"POLYGON ((-12308102.840348555 5727653.703728623, -12308179.873436183 5727650.5176537605, -12308230.07852653 5727626.622128583, -12308266.48000002 5727601.45224465, -12308280.840214333 5727587.115000754, -12308306.555016706 5727567.520804713, -12308320.247314073 5727547.767349849, -12308341.175378343 5727452.823935518, -12308336.945237692 5727418.096563328, -12308321.471828472 5727387.192501815, -12308202.026014851 5727482.135217302, -12308071.225613168 5727582.973134587, -12307975.713490067 5727651.632779832, -12308064.101165758 5727650.5176537605, -12308102.840348555 5727653.703728623))",85QFMC9M+RC
Pedestrian Use,PE02,Small wooden 1-3 sided minimalist structures scattered throughout along trail system that allow for viewing towards the mountains and offer sun shelter in summer and wind shelter in windy season. Should include seating.,23374.02,1,FALSE,"POLYGON ((-12308157.832177006 5727459.992446619, -12308157.832177006 5727612.922056365, -12308004.990516147 5727612.922056365, -12308004.990516147 5727459.992446619, -12308157.832177006 5727459.992446619))",85QFMC9M+QR
Pedestrian Use,PE02,Minimal Dirt walking trails/multiuse trails weaving throughout the entire park (can fit a lot on 5.5 acres with thoughtful design),23374.02,1,FALSE,"POLYGON ((-12308157.832177006 5727459.992446619, -12308157.832177006 5727612.922056365, -12308004.990516147 5727612.922056365, -12308004.990516147 5727459.992446619, -12308157.832177006 5727459.992446619))",85QFMC9M+QR
Pedestrian Use,PE02,Off leash dog and pedestrian walking trails,23374,1,TRUE,"POLYGON ((-12308162.618915109 5727455.213438579, -12308162.618915109 5727608.142966356, -12308009.777254252 5727608.142966356, -12308009.777254252 5727455.213438579, -12308162.618915109 5727455.213438579))",85QFMC9M+QR
Pedestrian Use,PE02,Reservoir Park,23374,1,FALSE,"POLYGON ((-12308162.618915109 5727455.213438579, -12308162.618915109 5727608.142966356, -12308009.777254252 5727608.142966356, -12308009.777254252 5727455.213438579, -12308162.618915109 5727455.213438579))",85QFMC9M+QR
Pedestrian Use,PE02,Trail connectivity to other north side trails,23391.03,1,FALSE,"POLYGON ((-12308157.943496495 5727455.213438579, -12308157.943496495 5727608.142966356, -12308004.990516147 5727608.142966356, -12308004.990516147 5727455.213438579, -12308157.943496495 5727455.213438579))",85QFMC9M+QR
Pedestrian Use,PE03,Walking trail,2602.94,2.71,FALSE,"POLYGON ((-12308040.835392183 5727637.932669184, -12308077.793463126 5727625.347702371, -12308115.976048468 5727615.311602328, -12308218.723938469 5727534.06739879, -12308231.859638382 5727550.794086061, -12308133.341889031 5727617.063936442, -12307988.849189982 5727654.659551303, -12308040.835392183 5727637.932669184))",85QFMC9M+WH
Pedestrian Use,PE03,Walking trail through nature playground and native flower garden,3063.24,2.94,FALSE,"POLYGON ((-12308086.81034188 5727629.489588223, -12308122.543898424 5727618.816270902, -12308162.618915109 5727599.699913602, -12308176.979129422 5727586.637093021, -12308186.441286141 5727581.858017101, -12308272.491252523 5727596.195252543, -12308227.740817225 5727574.052198608, -12308169.186765067 5727566.883595808, -12308143.471962692 5727599.699913602, -12307970.25883502 5727654.659551303, -12308086.81034188 5727629.489588223))",85QFMC9M+WJ
Pedestrian Use,PE04,D3 - Shade Structure,785.15,1.04,FALSE,"POLYGON ((-12308152.488841448 5727571.0254545, -12308173.973503172 5727554.935937281, -12308154.2699533 5727538.20924224, -12308126.21744162 5727553.183615377, -12308152.488841448 5727571.0254545))",85QFMC9M+RH
Pedestrian Use,PE05,"Trail around dog park, connecting to north side trail system",0,1,FALSE,"POLYGON ((-12308090.929163039 5727608.620875243, -12308162.618915109 5727572.299872948, -12308182.32246498 5727565.131271556, -12308208.593864808 5727560.352207162, -12308234.308667181 5727582.335924578, -12308272.491252523 5727600.337124853, -12308280.283616878 5727599.699913602, -12308336.388640238 5727544.103407388, -12308273.047849977 5727603.8417875385, -12308238.984085795 5727584.247554741, -12308214.60511731 5727563.856854133, -12308202.582612304 5727563.219645491, -12308179.873436183 5727569.91033851, -12308151.820924502 5727572.299872948, -12308121.430703517 5727594.28361982, -12308079.017977523 5727609.258087129, -12307991.743496742 5727655.774677893, -12308056.308801403 5727625.347702371, -12308090.929163039 5727608.620875243))",85QFMC9M+XR
Pedestrian Use,PE05,Sidewalk surrounding park,0,1,FALSE,"POLYGON ((-12308314.903978515 5727550.794086061, -12308265.923402566 5727585.999882751, -12308191.228024244 5727640.322221852, -12307996.641554337 5727643.348989484, -12307992.96801114 5727652.907209801, -12308200.244902998 5727650.5176537605, -12308333.383013986 5727547.767349849, -12308350.748854551 5727431.318436797, -12308324.477454724 5727377.63456633, -12308278.502505027 5727417.618664656, -12308053.971092096 5727587.752211104, -12307973.26446127 5727650.995564918, -12307980.500228172 5727656.411893151, -12308182.879062433 5727504.755946291, -12308322.028425926 5727397.865541878, -12308333.93961144 5727428.92894014, -12308335.16412584 5727464.13425566, -12308328.03967843 5727516.70353758, -12308314.903978515 5727550.794086061))",85QFMC9M+RC
Pedestrian Use,PE06,Natural Surface Gravel Trail,7294.87,4.58,FALSE,"POLYGON ((-12308101.727153644 5727651.632779832, -12308163.175512565 5727643.348989484, -12308194.233650496 5727627.737251667, -12308214.49379782 5727634.9059033925, -12308236.646376489 5727611.647632112, -12308249.225478947 5727600.974336148, -12308279.615699934 5727597.9475829005, -12308298.76265235 5727578.194060631, -12308321.917106435 5727550.63478413, -12308281.396811785 5727578.831270345, -12308269.485626271 5727586.637093021, -12308254.457495013 5727589.504539802, -12308231.859638382 5727602.089456025, -12308221.061647777 5727624.232579588, -12308196.014762348 5727619.453483516, -12308173.973503172 5727628.374464921, -12308153.0454389 5727636.817544826, -12308059.871025108 5727646.853669075, -12308126.774039075 5727621.205818446, -12308123.768412823 5727576.441734156, -12308196.571359802 5727557.962675927, -12308335.05280635 5727400.095730969, -12308329.820790282 5727391.174977956, -12308251.563188255 5727473.055081665, -12308187.665800538 5727550.794086061, -12308114.194936614 5727578.831270345, -12308115.419451011 5727615.311602328, -12308043.729698943 5727645.738543602, -12308001.984889895 5727640.959436004, -12307978.051199375 5727646.853669075, -12307995.417039938 5727651.154868642, -12308037.161848985 5727654.659551303, -12308101.727153644 5727651.632779832))",85QFMC9M+VF
Pedestrian Use,PE07,ADA accessible trail with benches and viewpoint,656.05,1.86,FALSE,"POLYGON ((-12308098.053610452 5727642.074560882, -12308110.076115455 5727648.606009389, -12308142.247448295 5727651.632779832, -12308172.192391317 5727658.164235342, -12308188.333717484 5727654.659551303, -12308139.909738988 5727643.826900257, -12308118.425077265 5727640.959436004, -12308108.295003602 5727633.153565772, -12308098.053610452 5727642.074560882))",85QFMCCM+3J
Pedestrian Use,PE08,Perimeter Trail,1033.65,7.22,FALSE,"POLYGON ((-12307955.342023253 5727662.465440364, -12308160.837803258 5727513.6768129375, -12308325.034052178 5727381.776337115, -12308281.396811785 5727412.839679325, -12308239.095405286 5727446.770530632, -12308148.815298252 5727518.455852313, -12307955.342023253 5727662.465440364))",85QFMC9M+MG
Pedestrian Use,PE09,D2 Utility,195.67,1.01,FALSE,"POLYGON ((-12308147.034186399 5727538.687147378, -12308157.275579551 5727528.013938747, -12308146.922866909 5727516.862838903, -12308139.353141533 5727529.766255707, -12308147.034186399 5727538.687147378))",85QFMC9M+QJ
Pedestrian Use,PE10,"Fix the road, install sidewalks on Reservoir Street to make pedestrian traffic safe between trails and parks",21037.19,4.81,FALSE,"POLYGON ((-12308750.163187515 5726810.23015383, -12308826.639677692 5726733.771904137, -12309810.815295795 5725935.937323111, -12308726.340816487 5726776.779588924, -12308750.163187515 5726810.23015383))",85QFMC7G+66
Pedestrian Use,PE11,Connect Reservoir Park with connector trail to Dickerson Field,224363.93,1.85,FALSE,"POLYGON ((-12308688.158231143 5727116.069708568, -12308420.546175279 5727393.086567136, -12308103.508265499 5727661.987528591, -12308506.59614166 5727517.340742896, -12308774.096878037 5727151.910968068, -12309325.907593898 5726518.895875002, -12308876.84476804 5726662.092890432, -12308745.487768903 5726781.558233369, -12308688.158231143 5727116.069708568))",85QFMC8H+F9
Planting,PL01,Trees or earth embankment to block wind and obscure the water facilities,1891.22,1.38,TRUE,"POLYGON ((-12308242.657628989 5727581.858017101, -12308250.338673854 5727572.777779912, -12308232.416235836 5727548.882463072, -12308209.15046226 5727480.22360903, -12308194.233650496 5727492.808371012, -12308208.593864808 5727541.235975208, -12308226.516302826 5727573.414989238, -12308242.657628989 5727581.858017101))",85QFMC9M+Q9
Planting,PL01,"Natural play area, with minimal development, native plants and trees, seating and shade",6684.42,1.54,FALSE,"POLYGON ((-12308104.064862952 5727597.310371822, -12308155.383148208 5727563.856854133, -12308201.469417397 5727560.830113486, -12308194.790247949 5727544.103407388, -12308181.654548036 5727524.987210271, -12308167.962250669 5727503.003634247, -12308083.136798684 5727572.299872948, -12308038.942960838 5727605.753422313, -12308015.677187262 5727624.232579588, -12308003.766001748 5727643.348989484, -12308104.064862952 5727597.310371822))",85QFMC9M+VP
Planting,PL01,"Native plants and flowers for pollinator for bees, butterflys, with a bench and with a natural walking trail with educational information",7374.06,1.47,FALSE,"POLYGON ((-12308035.380737133 5727637.932669184, -12308050.965465844 5727627.100038459, -12308180.541353127 5727556.051051401, -12308160.169886313 5727511.287294212, -12308020.463925367 5727611.647632112, -12307977.49460192 5727650.5176537605, -12308035.380737133 5727637.932669184))",85QFMC9M+VR
Planting,PL01,Native plants and pollinators with education,6032.96,1.65,FALSE,"POLYGON ((-12308103.508265499 5727656.411893151, -12308179.873436183 5727655.296766481, -12308238.984085795 5727627.100038459, -12308259.912150063 5727605.116210675, -12308135.123000884 5727618.816270902, -12308044.954213342 5727645.738543602, -12308013.896075409 5727654.02233617, -12308103.508265499 5727656.411893151))",85QFMCCM+2H
Planting,PL01,Blue Heron Dr. drifts shut with snow very easily in winter and so any vegetative improvements along the street edge should be short in height to minimize drifting for the stakeholders living next to the park.,3043.71,3.67,FALSE,"POLYGON ((-12308100.502639247 5727658.482843049, -12308151.26432705 5727659.438666242, -12308202.026014851 5727650.5176537605, -12308266.48000002 5727603.8417875385, -12308315.46057597 5727569.273129433, -12308328.03967843 5727540.598768182, -12308254.568814505 5727602.726667444, -12308181.654548036 5727646.853669075, -12308135.679598339 5727652.2699947925, -12308085.585827481 5727650.995564918, -12307963.134387609 5727652.2699947925, -12308041.94858709 5727656.411893151, -12308100.502639247 5727658.482843049))",85QFMCCM+2C
Planting,PL01,The community would most benefit from keeping the entire area open to everyone and using the site as a native habitat restoration project and educational site.  Employee a farmer to plant the native plants that benefit the wildlife.,43858.28,1.19,FALSE,"POLYGON ((-12308099.278124848 5727652.2699947925, -12308125.549524674 5727655.296766481, -12308167.962250669 5727657.049108454, -12308228.297414677 5727633.790779411, -12308326.258566575 5727551.271991874, -12308337.501835147 5727484.524728216, -12308341.731975796 5727429.566139186, -12308320.247314073 5727383.528625336, -12307972.707863817 5727650.5176537605, -12308043.173101489 5727654.659551303, -12308068.331306407 5727649.402527828, -12308099.278124848 5727652.2699947925))",85QFMC9M+RC
Planting,PL01,"Reintroduce, at a few locations, native silver sage brush.  It already grows on the North hill but is missing from the park.  This will privide hiding cover for resident rabits and other wildlife.  Also, thorugh out the park, the abundance of seasonlong native flowering forbs and leguems should be increase for nitrogen fixation and pollinator habitat.",41619.94,1.17,FALSE,"POLYGON ((-12308103.508265499 5727661.987528591, -12308206.144836009 5727649.880438924, -12308264.142290713 5727593.168500921, -12308319.690716619 5727549.519670689, -12308353.643161312 5727455.850639502, -12308313.679464117 5727394.36096015, -12308145.253074547 5727523.872100037, -12308030.037401576 5727611.010420053, -12307989.405787434 5727647.490883695, -12308103.508265499 5727661.987528591))",85QFMC9M+RC
Planting,PL01,"This area is a steep bank from the edge of Blue Heron Dr..  It has may weed issues and it would be a suggestion to pant native sagebrush along this bank.  It will hellp provide bank stability, and provide native cover habitiat resident cottontailed rabbits and denning sites for the red foxes.",3555.99,2.52,FALSE,"POLYGON ((-12308103.508265499 5727661.987528591, -12308123.768412823 5727656.411893151, -12308139.909738988 5727658.80145077, -12308168.518848121 5727655.296766481, -12308197.239276746 5727646.853669075, -12308224.735190973 5727635.543117158, -12308272.491252523 5727597.310371822, -12308202.026014851 5727627.737251667, -12308128.555150926 5727643.826900257, -12307985.286966275 5727648.12809836, -12308103.508265499 5727661.987528591))",85QFMCCM+2J
Planting,PL01,"Wildlife habitat preservation through seeding and resotration of native grasses, forbs, and legumes. The native grass species are, for the most part, doing well.  There are patches of downy brome that should be managed.  Native legumes and flowering forbs should be reintroduced.",23326.39,1.21,TRUE,"POLYGON ((-12308111.189310364 5727654.659551303, -12308201.358097905 5727643.348989484, -12308269.485626271 5727602.089456025, -12308221.172967266 5727548.882463072, -12308200.244902998 5727480.22360903, -12308098.721527396 5727563.856854133, -12307970.926751964 5727652.907209801, -12308111.189310364 5727654.659551303))",85QFMC9M+WJ
Planting,PL01,Spotted Knapweed management,3764.12,2.13,FALSE,"POLYGON ((-12308095.715901144 5727652.907209801, -12308128.555150926 5727654.02233617, -12308188.890314937 5727652.2699947925, -12308256.906523813 5727607.50575455, -12308175.08669808 5727626.622128583, -12308004.322599202 5727649.880438924, -12308095.715901144 5727652.907209801))",85QFMCCM+2J
Planting,PL01,native planting,20915.33,1.15,TRUE,"POLYGON ((-12308175.754615024 5727649.243224135, -12308265.923402566 5727602.089456025, -12308226.516302826 5727546.015029354, -12308147.034186399 5727522.119784236, -12307975.713490067 5727651.632779832, -12308175.754615024 5727649.243224135))",85QFMC9M+WJ
Planting,PL01,community garden,8070.26,1.58,FALSE,"POLYGON ((-12308206.812752955 5727557.006863612, -12308215.82963171 5727537.572035431, -12308183.324340397 5727495.994389522, -12308156.051065153 5727519.730263246, -12308126.774039075 5727543.6255019605, -12308054.52768955 5727591.894079491, -12307984.619049331 5727648.12809836, -12308001.31697295 5727648.12809836, -12308151.820924502 5727572.299872948, -12308206.812752955 5727557.006863612))",85QFMC9M+VP
Planting,PL01,community orchard,4442.37,1.3,FALSE,"POLYGON ((-12308163.84342951 5727656.411893151, -12308152.488841448 5727627.737251667, -12308133.341889031 5727590.778960889, -12308089.70464864 5727619.453483516, -12308019.796008423 5727652.2699947925, -12308163.84342951 5727656.411893151))",85QFMCCM+2Q
Planting,PL01,Community Garden & Orchard,6971.1,1.12,FALSE,"POLYGON ((-12308114.862853559 5727654.659551303, -12308127.998553472 5727619.453483516, -12308102.283751098 5727583.610344641, -12308076.568948727 5727578.194060631, -12307974.488975668 5727653.385121085, -12308089.148051186 5727655.296766481, -12308114.862853559 5727654.659551303))",85QFMCCM+2W
Planting,PL01,D2 Community Garden,1282.97,1.02,FALSE,"POLYGON ((-12308207.36935041 5727560.352207162, -12308227.07290028 5727546.492934909, -12308209.15046226 5727508.897776125, -12308177.535726875 5727536.934828666, -12308207.36935041 5727560.352207162))",85QFMC9M+QC
Planting,PL01,D1 Grove / passive planting,2844.97,1.01,FALSE,"POLYGON ((-12308206.812752955 5727594.920830683, -12308230.635123985 5727585.3626725245, -12308233.752069727 5727565.609178135, -12308221.172967266 5727539.961561202, -12308188.222397992 5727516.066332307, -12308179.316838728 5727535.819716939, -12308166.737736268 5727546.492934909, -12308189.558231883 5727572.299872948, -12308206.812752955 5727594.920830683))",85QFMC9M+RC
Planting,PL01,"Native perennials, shrubs. Demonstrate wise water use.",26289.65,1.15,FALSE,"POLYGON ((-12308103.508265499 5727661.987528591, -12308140.466336442 5727658.164235342, -12308199.576986054 5727650.995564918, -12308258.798955154 5727611.010420053, -12308222.95407912 5727518.455852313, -12308198.463791145 5727475.444590147, -12308077.236865671 5727569.273129433, -12307969.702237565 5727654.02233617, -12308068.331306407 5727649.402527828, -12308103.508265499 5727661.987528591))",85QFMC9M+WJ
Planting,PL01,shade area for reservoir park,45778.14,1.2,FALSE,"POLYGON ((-12308103.508265499 5727661.987528591, -12308136.347515283 5727654.659551303, -12308181.765867526 5727655.774677893, -12308244.995338297 5727625.984915455, -12308331.045304678 5727539.961561202, -12308346.518713899 5727453.939036867, -12308335.832042783 5727380.024049242, -12308204.363724157 5727470.187672333, -12307967.921125714 5727652.907209801, -12308103.508265499 5727661.987528591))",85QFMC9M+RC
Planting,PL01,New trees and sitting area,627.42,1.08,FALSE,"POLYGON ((-12308103.508265499 5727661.987528591, -12308112.525144253 5727642.5524715865, -12308090.929163039 5727635.543117158, -12308068.331306407 5727649.402527828, -12308103.508265499 5727661.987528591))",85QFMCCM+3R
Planting,PL02,"Native Plants and Pollinators(Pollinator Hotels, Bird houses, bat houses)",6749.6,1.15,TRUE,"POLYGON ((-12308317.241687821 5727546.015029354, -12308338.726349546 5727467.160963483, -12308332.826416532 5727420.486057083, -12308318.46620222 5727396.750447542, -12308239.095405286 5727455.850639502, -12308301.768278603 5727503.640838588, -12308317.241687821 5727546.015029354))",85QFMC9M+H3
Planting,PL02,Edible food garden,7365.9,1.1,FALSE,"POLYGON ((-12308302.324876055 5727510.172185691, -12308317.909604765 5727542.9882947635, -12308341.175378343 5727468.913268481, -12308336.945237692 5727410.928085911, -12308319.690716619 5727393.086567136, -12308295.200428644 5727410.928085911, -12308274.82896183 5727430.044038501, -12308241.989712045 5727455.850639502, -12308302.324876055 5727510.172185691))",85QFMC9M+H3
Planting,PL02,"Natural area with native plantings, shade, benches",9778.59,1.13,FALSE,"POLYGON ((-12308265.923402566 5727486.914239772, -12308294.532511698 5727511.287294212, -12308316.685090369 5727564.494062822, -12308334.607528385 5727522.597688511, -12308341.731975796 5727487.392142159, -12308347.7432283 5727451.5495341495, -12308340.507461399 5727408.538594719, -12308327.371761484 5727385.280913898, -12308307.111614158 5727399.61783326, -12308286.18354989 5727416.981466463, -12308274.272364374 5727427.176642998, -12308253.344300106 5727443.903129754, -12308233.640750237 5727461.107548864, -12308265.923402566 5727486.914239772))",85QFMC9M+J2
Planting,PL02,"Native plant garden with education panels, tables or benches to sit on and enjoy the garden space",3695.29,1.1,FALSE,"POLYGON ((-12308297.53813795 5727518.455852313, -12308345.294199502 5727465.249358422, -12308275.385559285 5727452.027434641, -12308234.19734769 5727465.727259647, -12308297.53813795 5727518.455852313))",85QFMC9M+J3
Planting,PL02,1 prta-potty bathroom - near the concrete building,1391.33,1.05,FALSE,"POLYGON ((-12308270.042223725 5727498.861807152, -12308281.508131277 5727465.886560063, -12308265.366805114 5727453.461136271, -12308255.125411958 5727442.628729658, -12308230.07852653 5727461.744750207, -12308270.042223725 5727498.861807152))",85QFMC9M+J6
Planting,PL02,"Native plantings of chokecherry and buffalo berry.  This would provide opportunities for all community members to harvest the berries for preservation in jams, jellies, and syrups.",2961.76,1.6,TRUE,"POLYGON ((-12308307.111614158 5727514.951223187, -12308326.258566575 5727555.573145333, -12308341.731975796 5727494.560681052, -12308340.507461399 5727439.124130337, -12308321.471828472 5727388.944791098, -12308315.46057597 5727416.344268317, -12308319.690716619 5727452.18673481, -12308323.252940323 5727480.860811741, -12308307.111614158 5727514.951223187))",85QFMC9J+JX
Planting,PL02,D3 - Passive Lawn,2681.78,1.25,FALSE,"POLYGON ((-12308310.11724041 5727516.066332307, -12308329.820790282 5727464.13425566, -12308319.022799674 5727397.865541878, -12308299.98716675 5727411.565283671, -12308298.76265235 5727463.497054143, -12308293.419316791 5727501.729225706, -12308310.11724041 5727516.066332307))",85QFMC9M+H2
Planting,PL02,D3 - Wind Protection (Trees),2820.59,1.65,FALSE,"POLYGON ((-12308307.668211613 5727526.2616221355, -12308324.477454724 5727544.103407388, -12308341.175378343 5727488.029345382, -12308347.7432283 5727452.823935518, -12308340.507461399 5727410.45018762, -12308321.471828472 5727378.112462862, -12308326.81516403 5727458.240143374, -12308314.903978515 5727507.145463268, -12308307.668211613 5727526.2616221355))",85QFMC9J+JX
Planting,PL02,D2 - Lawn + passive,5570.84,1.02,FALSE,"POLYGON ((-12308256.906523813 5727471.939977926, -12308279.059102478 5727492.808371012, -12308296.313623553 5727471.939977926, -12308325.034052178 5727453.939036867, -12308339.950863944 5727440.23922997, -12308345.294199502 5727418.096563328, -12308331.601902133 5727391.334277038, -12308297.53813795 5727396.113250842, -12308268.261111872 5727430.044038501, -12308240.876517138 5727448.0449313205, -12308256.906523813 5727471.939977926))",85QFMC9M+G3
Planting,PL02,Community garden,3199.2,1.02,FALSE,"POLYGON ((-12308261.693261916 5727486.277036627, -12308292.751399847 5727511.287294212, -12308317.241687821 5727487.392142159, -12308295.200428644 5727456.328540225, -12308272.268613541 5727429.725438953, -12308236.089779034 5727456.328540225, -12308261.693261916 5727486.277036627))",85QFMC9M+J4
Planting,PL02,Green space to hang out,9788.68,1.13,FALSE,"POLYGON ((-12308301.768278603 5727519.093057757, -12308313.679464117 5727560.830113486, -12308324.477454724 5727548.404557387, -12308343.513087649 5727467.160963483, -12308344.737602048 5727437.849730924, -12308336.388640238 5727408.060696558, -12308324.477454724 5727382.891429579, -12308228.297414677 5727458.240143374, -12308254.01221705 5727477.834099268, -12308301.768278603 5727519.093057757))",85QFMC9M+H3
Planting,PL02,"Landscaping, possible sitting, resting area within pumptrack",2113.32,0.94,TRUE,"POLYGON ((-12308305.887099762 5727504.755946291, -12308316.685090369 5727489.781654483, -12308315.46057597 5727449.797232562, -12308296.313623553 5727441.513629724, -12308272.491252523 5727456.965741229, -12308273.047849977 5727479.108504395, -12308285.070354981 5727496.950195296, -12308305.887099762 5727504.755946291))",85QFMC9M+J3
Planting,PL03,Reservoir Park,23374,1,FALSE,"POLYGON ((-12308162.618915109 5727455.213438579, -12308162.618915109 5727608.142966356, -12308009.777254252 5727608.142966356, -12308009.777254252 5727455.213438579, -12308162.618915109 5727455.213438579))",85QFMC9M+QR
Planting,PL03,"Dog Park please (off leash, fence most of property.  If less than 5+ acres, include â€œnaturalâ€?agility items similar to park W of the mall in Bzn).",23374,1,FALSE,"POLYGON ((-12308157.832177006 5727455.213438579, -12308157.832177006 5727608.142966356, -12308004.990516147 5727608.142966356, -12308004.990516147 5727455.213438579, -12308157.832177006 5727455.213438579))",85QFMC9M+QR
Planting,PL03,Shade trees,23391.03,1,FALSE,"POLYGON ((-12308157.943496495 5727455.213438579, -12308157.943496495 5727608.142966356, -12308004.990516147 5727608.142966356, -12308004.990516147 5727455.213438579, -12308157.943496495 5727455.213438579))",85QFMC9M+QR
Planting,PL04,D3 - Community Garden,2875.01,1.23,FALSE,"POLYGON ((-12308396.055887302 5727372.218407439, -12308425.444232872 5727311.207197763, -12308419.989577822 5727304.038806277, -12308350.748854551 5727362.023293742, -12308379.357963685 5727409.812989942, -12308396.055887302 5727372.218407439))",85QFMC9J+8Q
Planting,PL04,Community garden/orchard,2660.66,1.3,FALSE,"POLYGON ((-12308374.57122558 5727408.538594719, -12308399.061513554 5727360.90820389, -12308424.219718473 5727299.897071599, -12308350.080937605 5727360.90820389, -12308374.57122558 5727408.538594719))",85QFMC9J+8Q
Planting,PL05,"Maintain and enhance native landscaping. Do not install irrigation! Opportunity to showcase the beauty of native plants, offer educational opportunities and introduce low/no maintenance landscaping to citizens) appropriate and native trees and shrubs should be considered for shelter wind breaks and shade, but should be selectively and strategically planted, not everywhere",93481.35,1,FALSE,"POLYGON ((-12308234.308667181 5727378.749658275, -12308234.308667181 5727684.4494095445, -12307928.514025971 5727684.4494095445, -12307928.514025971 5727378.749658275, -12308234.308667181 5727378.749658275))",85QFMC9M+QR
Planting,PL06,"Approximatley here is the chainline fence protecting one of the cities water tanks.  It is a bit of an eye soar.  More plantings of chokecherry and buffalo berry, which are drouht tolerant, to hide the fence and provide berry (jellies, jams, etc) harvesting opportunties for the community.",902.83,1.02,TRUE,"POLYGON ((-12308282.06472873 5727570.069640785, -12308291.081607485 5727550.63478413, -12308269.485626271 5727528.013938747, -12308250.338673854 5727557.962675927, -12308282.06472873 5727570.069640785))",85QFMC9M+R5
Planting,PL07,The road this polygon highlights does not exist.,1464.21,1.27,TRUE,"POLYGON ((-12307930.851735277 5727655.296766481, -12307949.442090241 5727649.243224135, -12307904.580335451 5727634.9059033925, -12307869.959973816 5727643.348989484, -12307862.835526403 5727665.97012747, -12307930.851735277 5727655.296766481))",85QFMCCP+3G
Planting,PL08,D2 Shade Structure,283.86,1,FALSE,"POLYGON ((-12308121.430703517 5727629.489588223, -12308133.341889031 5727618.179058331, -12308119.649591664 5727606.868542787, -12308108.295003602 5727618.816270902, -12308121.430703517 5727629.489588223))",85QFMC9M+XP
Planting,PL09,D1 Shade structure,221.45,1,FALSE,"POLYGON ((-12308084.917910537 5727651.632779832, -12308083.804715628 5727636.18033097, -12308070.00109877 5727636.18033097, -12308069.444501316 5727650.995564918, -12308084.917910537 5727651.632779832))",85QFMCCM+3V
Planting,PL10,D1 Community Garden,848.15,0.98,FALSE,"POLYGON ((-12308203.25052925 5727513.6768129375, -12308205.031641101 5727498.861807152, -12308189.892190354 5727482.931720869, -12308164.40002696 5727503.640838588, -12308181.097950581 5727517.818646916, -12308203.25052925 5727513.6768129375))",85QFMC9M+MF
Planting,PL11,Keep the trees alive that have already been planted on this connector trail,12783.45,3.42,FALSE,"POLYGON ((-12309409.508531485 5726499.7818755945, -12309686.58274407 5726480.667917156, -12310011.413018204 5726332.536128354, -12309863.35809545 5726451.997056316, -12309653.07557734 5726499.7818755945, -12309433.330902517 5726518.895875002, -12309562.350192344 5726495.003382144, -12309409.508531485 5726499.7818755945))",85QFMC79+2Q
Restroom,R01,Restroom/shelter/covered picknick space,1972.09,1.03,FALSE,"POLYGON ((-12308201.469417397 5727579.946387452, -12308208.037267353 5727583.610344641, -12308221.172967266 5727572.937082239, -12308238.42748834 5727566.24638695, -12308224.735190973 5727518.61515367, -12308182.879062433 5727556.2103534285, -12308194.233650496 5727580.1056899065, -12308201.469417397 5727579.946387452))",85QFMC9M+R9
Restroom,R01,Pitty Potty stop,2114.28,1.06,TRUE,"POLYGON ((-12308127.330636527 5727660.235185648, -12308136.347515283 5727640.800132464, -12308103.953543462 5727599.381307995, -12308063.433248812 5727631.879138627, -12308127.330636527 5727660.235185648))",85QFMCCM+2Q
Restroom,R01,Potty,2594.63,1.21,TRUE,"POLYGON ((-12308103.508265499 5727661.987528591, -12308112.525144253 5727642.5524715865, -12308139.353141533 5727578.831270345, -12308055.752203947 5727629.489588223, -12308103.508265499 5727661.987528591))",85QFMCCM+2Q
Restroom,R01,Add restrooms,4885.53,1.14,FALSE,"POLYGON ((-12308103.508265499 5727661.987528591, -12308112.525144253 5727642.5524715865, -12308044.397615887 5727593.805711702, -12307978.60779683 5727653.385121085, -12308103.508265499 5727661.987528591))",85QFMCCM+2X
Restroom,R02,Restrooms,499.75,1,TRUE,"POLYGON ((-12308245.66325524 5727616.426723997, -12308254.568814505 5727608.142966356, -12308258.13103821 5727594.920830683, -12308253.344300106 5727585.3626725245, -12308246.219852695 5727582.335924578, -12308240.876517138 5727593.168500921, -12308232.416235836 5727608.142966356, -12308245.66325524 5727616.426723997))",85QFMC9M+W7
Restroom,R03,D2 Toilets,355.11,1.02,FALSE,"POLYGON ((-12308172.192391317 5727540.598768182, -12308191.895941189 5727528.651144876, -12308180.541353127 5727516.70353758, -12308162.618915109 5727527.376732669, -12308172.192391317 5727540.598768182))",85QFMC9M+QG
Restroom,R03,D1 Toilets,216.21,1.03,FALSE,"POLYGON ((-12308188.890314937 5727529.766255707, -12308180.541353127 5727517.340742896, -12308169.186765067 5727528.651144876, -12308172.748988772 5727538.846449095, -12308188.890314937 5727529.766255707))",85QFMC9M+QG
Restroom,R04,"If a restroom must be built, I suggest putting it next to the existing city structure to reduce the eye soar of a new crapper on the hill.  The existing city buidling is a cinderblock structure with a graveled driveway off East Reservoir street.",251.44,1.04,FALSE,"POLYGON ((-12308214.60511731 5727504.118741872, -12308228.408734169 5727503.4815374985, -12308221.172967266 5727486.277036627, -12308205.031641101 5727490.418857877, -12308214.60511731 5727504.118741872))",85QFMC9M+M9
Restroom,R05,D3 - Toilet,783.6,1.01,FALSE,"POLYGON ((-12308183.546979379 5727537.572035431, -12308207.36935041 5727521.482578577, -12308194.233650496 5727499.976914258, -12308166.181138815 5727519.730263246, -12308183.546979379 5727537.572035431))",85QFMC9M+PF
Restroom,R06,D2 Parking,372.38,1.06,FALSE,"POLYGON ((-12308161.394400712 5727524.509305866, -12308182.879062433 5727509.534980885, -12308174.530100625 5727496.950195296, -12308153.0454389 5727515.429127078, -12308161.394400712 5727524.509305866))",85QFMC9M+PG
Restroom,R07,Vauly toilet,454.58,1.01,FALSE,"POLYGON ((-12308197.7958742 5727514.951223187, -12308213.380602913 5727507.145463268, -12308202.026014851 5727483.887525244, -12308185.328091232 5727498.224603155, -12308197.7958742 5727514.951223187))",85QFMC9M+MC
Recreation Area,RE01,Exercise Apparatus Area,8084.87,1.32,FALSE,"POLYGON ((-12308068.77658437 5727620.568605705, -12308138.128627136 5727579.468480102, -12308212.267408002 5727522.756989942, -12308196.682679292 5727483.250322316, -12308122.543898424 5727535.819716939, -12308066.438875064 5727574.689408025, -12308025.25066347 5727608.620875243, -12308068.77658437 5727620.568605705))",85QFMC9M+RM
Recreation Area,RE01,Volleyball sandcourt (ways to play an organized game),1112.67,1.02,FALSE,"POLYGON ((-12308088.591453733 5727652.2699947925, -12308111.189310364 5727643.348989484, -12308095.715901144 5727603.3638789095, -12308082.023603775 5727608.142966356, -12308070.669015715 5727615.311602328, -12308088.591453733 5727652.2699947925))",85QFMCCM+2R
Recreation Area,RE01,Multi-space uses,5654.35,1,FALSE,"POLYGON ((-12308117.86847981 5727623.59536663, -12308149.483215196 5727627.737251667, -12308189.446912391 5727617.701148933, -12308219.391855413 5727590.619658244, -12308178.09232433 5727549.519670689, -12308096.383818088 5727591.416171501, -12308117.86847981 5727623.59536663))",85QFMC9M+WH
Recreation Area,RE01,Open Space/Field,7430.48,1.1,TRUE,"POLYGON ((-12308150.596410103 5727632.516352177, -12308220.505050322 5727596.673160789, -12308182.879062433 5727536.456923622, -12308065.88227761 5727615.789511599, -12308089.70464864 5727627.737251667, -12308117.757160319 5727630.126801601, -12308150.596410103 5727632.516352177))",85QFMC9M+WH
Recreation Area,RE01,"Table/seating, shade, book reading",2641.52,1.02,FALSE,"POLYGON ((-12308197.7958742 5727567.520804713, -12308228.854012132 5727556.051051401, -12308228.408734169 5727545.218520153, -12308204.363724157 5727489.303751967, -12308167.405653212 5727520.845372961, -12308173.305586226 5727534.06739879, -12308185.884688685 5727546.492934909, -12308197.7958742 5727567.520804713))",85QFMC9M+QC
Recreation Area,RE01,Natural Playground,2108.72,1.05,FALSE,"POLYGON ((-12308151.820924502 5727652.2699947925, -12308175.08669808 5727651.632779832, -12308197.7958742 5727641.43734665, -12308181.654548036 5727610.53251104, -12308159.613288859 5727621.205818446, -12308140.466336442 5727615.311602328, -12308128.555150926 5727627.737251667, -12308124.436329769 5727648.12809836, -12308151.820924502 5727652.2699947925))",85QFMCCM+2H
Recreation Area,RE01,"Reservoir Playground: swings, playground,",5541.03,1.53,TRUE,"POLYGON ((-12308173.305586226 5727627.259341757, -12308255.793328902 5727616.426723997, -12308273.047849977 5727597.310371822, -12308178.760241274 5727587.752211104, -12308086.142424935 5727614.67439001, -12308056.308801403 5727637.932669184, -12308173.305586226 5727627.259341757))",85QFMC9M+XG
Recreation Area,RE01,Let's make this area into a dog park. We don't have a designated place in town where dogs can be but fenced in.,24474.19,1.14,FALSE,"POLYGON ((-12308103.508265499 5727661.987528591, -12308200.801500453 5727644.464114659, -12308264.698888168 5727600.337124853, -12308205.031641101 5727481.338713805, -12307982.837937478 5727650.995564918, -12308103.508265499 5727661.987528591))",85QFMC9M+WJ
Recreation Area,RE01,"Natural area enhanced with native plants and trees, winding single track trails and wide gravel trail. Interactive/natural art features act as shade and wind screens, sitting areas, overlook areas.",17837.06,1.14,FALSE,"POLYGON ((-12308173.973503172 5727650.5176537605, -12308243.770823898 5727607.50575455, -12308188.890314937 5727499.339710181, -12308004.322599202 5727642.711775159, -12308173.973503172 5727650.5176537605))",85QFMC9M+WJ
Recreation Area,RE01,"Overlook and various seating areas. Interactive art/play features, gravel pathways. Native Plant scape and trees",6382.92,1.63,TRUE,"POLYGON ((-12308086.81034188 5727617.541845807, -12308099.946041793 5727597.310371822, -12308113.081741707 5727592.531290181, -12308154.826550754 5727553.6615213165, -12308212.712685969 5727538.20924224, -12308194.790247949 5727499.817613234, -12308049.740951447 5727599.062702399, -12308003.209404293 5727637.932669184, -12308070.669015715 5727630.126801601, -12308086.81034188 5727617.541845807))",85QFMC9M+VP
Recreation Area,RE01,"A beach volleyball court would be nice for the teenagers.  An outdoor pickleball court. A walking or jogging loop for older people or for roller blading would be nice. A nice open field so kids could play baseball, soccer or kickball.",1425.13,1.07,FALSE,"POLYGON ((-12308103.508265499 5727661.987528591, -12308112.525144253 5727642.5524715865, -12308080.019852942 5727601.133638979, -12308068.331306407 5727649.402527828, -12308103.508265499 5727661.987528591))",85QFMCCM+2R
Recreation Area,RE01,D1 Dog park,14916.11,1.12,FALSE,"POLYGON ((-12308092.710274892 5727658.80145077, -12308172.192391317 5727660.0758817615, -12308206.2561555 5727649.243224135, -12308158.38877446 5727587.752211104, -12308121.987300972 5727534.545303707, -12307986.956758637 5727639.207097194, -12307989.962384889 5727655.774677893, -12308092.710274892 5727658.80145077))",85QFMC9M+XQ
Recreation Area,RE01,Sidewalk surrounding playground with shade trees,26703.07,1.17,FALSE,"POLYGON ((-12308103.508265499 5727661.987528591, -12308157.275579551 5727659.438666242, -12308205.588238556 5727647.490883695, -12308271.266738124 5727612.284844214, -12308193.009136096 5727479.108504395, -12307964.358902005 5727659.438666242, -12308068.331306407 5727649.402527828, -12308103.508265499 5727661.987528591))",85QFMC9M+WJ
Recreation Area,RE01,Kids bikes skills and natural play ground,12722.85,1.32,FALSE,"POLYGON ((-12307978.051199375 5727652.907209801, -12308069.444501316 5727651.632779832, -12308148.258700797 5727599.699913602, -12308175.754615024 5727579.946387452, -12308219.280535923 5727548.882463072, -12308188.333717484 5727496.950195296, -12308099.278124848 5727562.104530477, -12307978.051199375 5727652.907209801))",85QFMC9M+WP
Recreation Area,RE01,Kids playground,3738.93,1.07,TRUE,"POLYGON ((-12308225.848385882 5727541.713880506, -12308206.144836009 5727484.524728216, -12308129.11174838 5727542.351087612, -12308163.84342951 5727562.104530477, -12308225.848385882 5727541.713880506))",85QFMC9M+QF
Recreation Area,RE01,Picnic and shade things,6153.39,1.37,TRUE,"POLYGON ((-12308137.572029682 5727653.385121085, -12308179.873436183 5727650.5176537605, -12308217.49942407 5727637.295455248, -12308259.35555261 5727606.231331072, -12308240.876517138 5727574.689408025, -12308144.139879636 5727619.453483516, -12308068.219986917 5727654.659551303, -12308137.572029682 5727653.385121085))",85QFMC9M+XF
Recreation Area,RE02,Basketball Court,2052.85,1.02,FALSE,"POLYGON ((-12308290.413690541 5727509.534980885, -12308329.264192827 5727471.939977926, -12308299.98716675 5727444.381029836, -12308264.142290713 5727486.277036627, -12308290.413690541 5727509.534980885))",85QFMC9M+J3
Recreation Area,RE02,"pop up art galleries, sculpture garden, permanent sculptures, permanent mural",1757.86,1.11,FALSE,"POLYGON ((-12308300.543764202 5727515.429127078, -12308311.341754809 5727490.418857877, -12308289.745773597 5727471.302775852, -12308267.147916965 5727453.461136271, -12308243.770823898 5727468.913268481, -12308300.543764202 5727515.429127078))",85QFMC9M+J4
Recreation Area,RE02,"modern ""natural themed"" child play area to develop balance, strength and agility",8455.29,1.08,TRUE,"POLYGON ((-12308324.477454724 5727540.598768182, -12308342.956490194 5727456.328540225, -12308323.252940323 5727384.165821135, -12308234.865264634 5727457.602942278, -12308324.477454724 5727540.598768182))",85QFMC9M+H3
Recreation Area,RE02,Grass or sand volleyball court,7922.59,1.03,FALSE,"POLYGON ((-12308222.286162175 5727455.213438579, -12308286.851466835 5727504.118741872, -12308351.862049459 5727449.16003207, -12308325.59064963 5727380.024049242, -12308222.286162175 5727455.213438579))",85QFMC9M+H3
Recreation Area,RE02,"Playground, natural features for play, artificial climbing boulder (2 sizes in the park- kid & teen/adult). Turf grass, trees, natural surface pathways connect other side of the park.",6710.46,0.97,FALSE,"POLYGON ((-12308345.294199502 5727413.795476188, -12308330.933985189 5727502.207128889, -12308285.515632946 5727506.508258678, -12308247.889645057 5727448.522831625, -12308302.88147351 5727403.122417054, -12308345.294199502 5727413.795476188))",85QFMC9M+H3
Recreation Area,RE02,"There are no recreation areas for kids to play with on the north side except the swings by the cemetary, it would be great to have a natural play area, boulders, tree stumps, mounds of dirt that grasses can grow on to roll down and jump off of",3341.32,1.05,FALSE,"POLYGON ((-12308296.981540497 5727463.815654895, -12308339.39426649 5727425.424346201, -12308323.252940323 5727385.440212874, -12308250.338673854 5727436.734631589, -12308296.981540497 5727463.815654895))",85QFMC9M+G3
Recreation Area,RE02,"woold chips, bridge and natural kid playing area",2830.48,1.12,FALSE,"POLYGON ((-12308313.122866662 5727453.461136271, -12308311.23043532 5727470.346972828, -12308335.720723294 5727459.992446619, -12308329.152873337 5727396.750447542, -12308287.853342254 5727409.335091713, -12308276.05347623 5727457.602942278, -12308313.122866662 5727453.461136271))",85QFMC9M+G2
Recreation Area,RE02,kids play,5694.09,1.04,FALSE,"POLYGON ((-12308286.18354989 5727499.339710181, -12308343.513087649 5727449.16003207, -12308319.022799674 5727388.944791098, -12308236.089779034 5727463.497054143, -12308286.18354989 5727499.339710181))",85QFMC9M+H3
Recreation Area,RE02,playground,5778.32,1.03,FALSE,"POLYGON ((-12308327.371761484 5727506.1896564, -12308336.388640238 5727486.754938981, -12308336.388640238 5727437.212531287, -12308319.022799674 5727394.838857577, -12308243.770823898 5727458.240143374, -12308292.194802392 5727493.445574623, -12308327.371761484 5727506.1896564))",85QFMC9M+H3
Recreation Area,RE02,D3 - Play Structure/ Area,2945.73,0.92,FALSE,"POLYGON ((-12308256.906523813 5727470.665573824, -12308279.615699934 5727485.639833529, -12308301.768278603 5727478.471301809, -12308312.454949718 5727449.797232562, -12308307.111614158 5727425.902245294, -12308286.851466835 5727418.096563328, -12308267.147916965 5727425.26504651, -12308252.2311052 5727445.655430181, -12308256.906523813 5727470.665573824))",85QFMC9M+H4
Recreation Area,RE02,D1 Sports Court,1528.28,0.95,FALSE,"POLYGON ((-12308267.704514418 5727487.392142159, -12308282.621326186 5727467.160963483, -12308279.615699934 5727444.381029836, -12308258.01971872 5727432.752135097, -12308238.42748834 5727452.823935518, -12308243.770823898 5727470.187672333, -12308267.704514418 5727487.392142159))",85QFMC9M+H6
Recreation Area,RE02,D1 Sports field,5535.93,1.02,FALSE,"POLYGON ((-12308282.06472873 5727495.197884786, -12308309.449323466 5727527.536034184, -12308322.028425926 5727514.951223187, -12308335.832042783 5727480.22360903, -12308339.39426649 5727458.080843094, -12308335.16412584 5727428.29174114, -12308321.471828472 5727403.2817163505, -12308299.319249805 5727420.008158279, -12308274.82896183 5727452.18673481, -12308261.693261916 5727477.834099268, -12308282.06472873 5727495.197884786))",85QFMC9M+J2
Recreation Area,RE02,Natural Play Area,9624.96,1.09,FALSE,"POLYGON ((-12308268.929028817 5727490.418857877, -12308302.324876055 5727519.093057757, -12308306.555016706 5727545.3778219875, -12308323.809537778 5727552.546407497, -12308337.613154637 5727491.056061318, -12308345.962116446 5727459.355245397, -12308342.956490194 5727440.876429825, -12308344.737602048 5727424.149948749, -12308331.601902133 5727401.3701249845, -12308319.022799674 5727382.891429579, -12308234.865264634 5727456.328540225, -12308268.929028817 5727490.418857877))",85QFMC9M+H3
Recreation Area,RE03,Disk golf,23374,1,FALSE,"POLYGON ((-12308153.0454389 5727455.213438579, -12308153.0454389 5727608.142966356, -12308000.203778042 5727608.142966356, -12308000.203778042 5727455.213438579, -12308153.0454389 5727455.213438579))",85QFMC9M+QV
Recreation Area,RE03,North Side Park,23374,1,FALSE,"POLYGON ((-12308162.618915109 5727455.213438579, -12308162.618915109 5727608.142966356, -12308009.777254252 5727608.142966356, -12308009.777254252 5727455.213438579, -12308162.618915109 5727455.213438579))",85QFMC9M+QR
Recreation Area,RE03,Playground equipment for teens and adults (similar to Sacajaweaâ€™s swings and swinging benches),23391.03,1,FALSE,"POLYGON ((-12308157.943496495 5727455.213438579, -12308157.943496495 5727608.142966356, -12308004.990516147 5727608.142966356, -12308004.990516147 5727455.213438579, -12308157.943496495 5727455.213438579))",85QFMC9M+QR
Recreation Area,RE03,Reservoir park,23374,1,FALSE,"POLYGON ((-12308153.0454389 5727455.213438579, -12308153.0454389 5727608.142966356, -12308000.203778042 5727608.142966356, -12308000.203778042 5727455.213438579, -12308153.0454389 5727455.213438579))",85QFMC9M+QV
Recreation Area,RE03,Reservoir park,23374,1,FALSE,"POLYGON ((-12308153.0454389 5727455.213438579, -12308153.0454389 5727608.142966356, -12308000.203778042 5727608.142966356, -12308000.203778042 5727455.213438579, -12308153.0454389 5727455.213438579))",85QFMC9M+QV
Recreation Area,RE04,How are we going to water the Garden? Rainwater collection center for garden,1260.28,1.09,FALSE,"POLYGON ((-12308296.313623553 5727494.560681052, -12308306.555016706 5727492.171167445, -12308324.477454724 5727491.693264803, -12308332.826416532 5727501.251322551, -12308317.241687821 5727546.015029354, -12308299.98716675 5727514.951223187, -12308286.851466835 5727502.366429953, -12308292.194802392 5727498.861807152, -12308296.313623553 5727494.560681052))",85QFMC9M+P2
Recreation Area,RE04,D2 Skills park,985.06,1.07,FALSE,"POLYGON ((-12308316.685090369 5727556.051051401, -12308326.81516403 5727536.456923622, -12308331.601902133 5727508.260571408, -12308313.122866662 5727506.508258678, -12308297.53813795 5727511.924499143, -12308307.668211613 5727539.324354268, -12308316.685090369 5727556.051051401))",85QFMC9M+Q2
Recreation Area,RE05,D1 Overlook + Shade Structure,1213.86,0.94,FALSE,"POLYGON ((-12308219.948452868 5727613.399965507, -12308236.646376489 5727619.453483516, -12308254.568814505 5727607.50575455, -12308249.782076402 5727581.858017101, -12308232.527555328 5727577.078943743, -12308220.505050322 5727589.504539802, -12308210.374976661 5727599.699913602, -12308219.948452868 5727613.399965507))",85QFMC9M+W7
Recreation Area,RE06,Kids play area.,1443.93,1,TRUE,"POLYGON ((-12308362.103442611 5727384.165821135, -12308396.723804247 5727356.129248953, -12308392.4936636 5727348.323628067, -12308375.573100997 5727331.119426571, -12308342.956490194 5727357.881532133, -12308362.103442611 5727384.165821135))",85QFMC9J+8R
Recreation Area,RE06,D1 - Play area,2384.83,1.33,FALSE,"POLYGON ((-12308377.576851832 5727411.565283671, -12308384.144701788 5727394.201661015, -12308425.332913382 5727305.7910792185, -12308357.87330196 5727357.244338209, -12308363.884554464 5727385.280913898, -12308377.576851832 5727411.565283671))",85QFMC9J+8Q
Recreation Area,RE06,D1 Children's play area,2240.31,1.19,FALSE,"POLYGON ((-12308388.931439891 5727384.643718016, -12308396.723804247 5727366.802251836, -12308406.85387791 5727345.934153653, -12308421.214092223 5727315.508235418, -12308420.546175279 5727304.038806277, -12308384.144701788 5727335.101877668, -12308350.748854551 5727361.386099524, -12308360.878928212 5727376.9973709965, -12308388.931439891 5727384.643718016))",85QFMC9J+8Q
Recreation Area,RE07,Amphitheatre,,,,"POLYGON ((-12308264.698888168 5727451.5495341495, -12308242.657628989 5727463.019153035, -12308276.610073682 5727494.082778279, -12308298.76265235 5727513.0396078825, -12308311.341754809 5727497.587399202, -12308294.532511698 5727479.108504395, -12308279.615699934 5727457.602942278, -12308268.929028817 5727453.939036867, -12308264.142290713 5727451.5495341495, -12308262.917776315 5727448.0449313205, -12308267.147916965 5727446.770530632, -12308262.917776315 5727450.434433099, -12308264.698888168 5727451.5495341495))",85QFMC9M+J4
Recreation Area,RE08,Park,91.5,1,FALSE,"POLYGON ((-12308203.584487721 5727501.729225706, -12308203.584487721 5727511.287294212, -12308194.011011515 5727511.287294212, -12308194.011011515 5727501.729225706, -12308203.584487721 5727501.729225706))",85QFMC9M+PC
Recreation Area,RE09,"Playground with climbing structures, swings, in-ground slide",1739.94,1.11,FALSE,"POLYGON ((-12308148.258700797 5727572.299872948, -12308185.328091232 5727567.520804713, -12308196.682679292 5727542.351087612, -12308184.660174288 5727510.172185691, -12308164.956624417 5727541.235975208, -12308144.696477093 5727543.6255019605, -12308148.258700797 5727572.299872948))",85QFMC9M+RG
Recreation Area,RE10,D1 Picnic Shelter,316.92,1.01,FALSE,"POLYGON ((-12308209.818379207 5727535.819716939, -12308219.280535923 5727523.872100037, -12308204.363724157 5727511.924499143, -12308193.009136096 5727524.987210271, -12308209.818379207 5727535.819716939))",85QFMC9M+QC
Recreation Area,RE11,D1 Picnic Shelter,393.17,1.07,FALSE,"POLYGON ((-12308376.352337433 5727408.538594719, -12308384.701299243 5727397.228345099, -12308391.2691492 5727384.643718016, -12308363.21663752 5727383.528625336, -12308368.003375623 5727397.865541878, -12308376.352337433 5727408.538594719))",85QFMC9J+CQ
Recreation Area,RE12,Kids splash pad,1453.74,1,FALSE,"POLYGON ((-12308144.028560147 5727594.602225246, -12308144.028560147 5727632.675655571, -12308105.845974805 5727632.675655571, -12308105.845974805 5727594.602225246, -12308144.028560147 5727594.602225246))",85QFMC9M+XM
Wayfinding&Signage,W01,D2 Grove,1890.08,1.01,FALSE,"POLYGON ((-12308222.95407912 5727593.805711702, -12308246.219852695 5727575.8045246145, -12308216.386229161 5727529.288351048, -12308199.576986054 5727539.961561202, -12308187.665800538 5727555.573145333, -12308222.95407912 5727593.805711702))",85QFMC9M+R9
Wayfinding&Signage,W02,Signage naming area mountain ranges and peaks,23349.66,1,FALSE,"POLYGON ((-12308157.943496495 5727455.372738806, -12308157.943496495 5727608.142966356, -12308005.101835636 5727608.142966356, -12308005.101835636 5727455.372738806, -12308157.943496495 5727455.372738806))",85QFMC9M+QR
Wayfinding&Signage,W02,Signs to other north side trails,23349.66,1,FALSE,"POLYGON ((-12308157.943496495 5727455.372738806, -12308157.943496495 5727608.142966356, -12308005.101835636 5727608.142966356, -12308005.101835636 5727455.372738806, -12308157.943496495 5727455.372738806))",85QFMC9M+QR
Wayfinding&Signage,W03,Interpretative Signage for Planting/information,1143.22,1.12,FALSE,"POLYGON ((-12308314.903978515 5727556.051051401, -12308326.81516403 5727550.156878354, -12308332.158499587 5727503.640838588, -12308314.236061571 5727504.118741872, -12308294.532511698 5727506.508258678, -12308306.555016706 5727527.376732669, -12308311.341754809 5727541.235975208, -12308314.903978515 5727556.051051401))",85QFMC9M+Q2
Wayfinding&Signage,W04,D2 Overlook,976.6,1,FALSE,"POLYGON ((-12308241.989712045 5727618.179058331, -12308257.017843302 5727599.699913602, -12308238.984085795 5727575.8045246145, -12308225.291788427 5727589.504539802, -12308212.824005459 5727606.390633996, -12308241.989712045 5727618.179058331))",85QFMC9M+W7
Wayfinding&Signage,W05,Entrance,184.42,1.01,FALSE,"POLYGON ((-12308145.920991492 5727549.519670689, -12308160.837803258 5727544.103407388, -12308151.26432705 5727532.792985809, -12308140.466336442 5727538.846449095, -12308145.920991492 5727549.519670689))",85QFMC9M+QJ
Wayfinding&Signage,W05,D1 Utilities,311.39,1.01,FALSE,"POLYGON ((-12308144.028560147 5727553.183615377, -12308155.383148208 5727538.846449095, -12308145.253074547 5727525.624416179, -12308132.785291577 5727538.846449095, -12308144.028560147 5727553.183615377))",85QFMC9M+QJ
Wayfinding&Signage,W06,Transparent signs of various peaks and mountains,579.56,1.3,TRUE,"POLYGON ((-12308098.053610452 5727578.831270345, -12308114.194936614 5727558.440582124, -12308121.430703517 5727545.3778219875, -12308117.757160319 5727544.740614666, -12308092.710274892 5727562.74173904, -12308074.23123942 5727579.946387452, -12308085.585827481 5727582.335924578, -12308098.053610452 5727578.831270345))",85QFMC9M+VQ
Wayfinding&Signage,W07,Interactive educational signs,278.1,1.84,TRUE,"POLYGON ((-12308187.665800538 5727649.880438924, -12308205.031641101 5727639.685007744, -12308192.452538641 5727642.711775159, -12308164.956624417 5727646.853669075, -12308145.920991492 5727650.995564918, -12308168.518848121 5727654.02233617, -12308187.665800538 5727649.880438924))",85QFMCCM+3G
Wayfinding&Signage,W08,Informational signage about the park in general,401.98,1.17,FALSE,"POLYGON ((-12308247.444367094 5727457.602942278, -12308268.261111872 5727438.486930607, -12308264.698888168 5727425.26504651, -12308236.089779034 5727452.18673481, -12308247.444367094 5727457.602942278))",85QFMC9M+G6
Wayfinding&Signage,W09,Phone stand for crowd sourced time lapse/photo gallery,864.03,1.2,FALSE,"POLYGON ((-12308116.643965412 5727571.662663702, -12308132.117374633 5727559.077790425, -12308139.909738988 5727556.051051401, -12308139.909738988 5727553.6615213165, -12308132.785291577 5727533.430192277, -12308129.779665325 5727538.846449095, -12308090.372565584 5727571.0254545, -12308102.283751098 5727579.946387452, -12308116.643965412 5727571.662663702))",85QFMC9M+RP
Wayfinding&Signage,W10,"Park signage/kiosk/map/rules. trash, poop bags",231.21,1.84,FALSE,"POLYGON ((-12308352.975244366 5727424.627847773, -12308350.080937605 5727420.326757479, -12308316.573770877 5727385.75881084, -12308313.568144627 5727394.04236188, -12308352.975244366 5727424.627847773))",85QFMC9J+CX
Wayfinding&Signage,W11,D3 - Scenic Overlook,746.87,1.02,FALSE,"POLYGON ((-12308229.521929076 5727636.18033097, -12308254.568814505 5727618.816270902, -12308243.214226443 5727598.584794026, -12308214.60511731 5727619.453483516, -12308229.521929076 5727636.18033097))",85QFMC9M+X7
Wayfinding&Signage,W12,D2 Entrance,262.85,1.04,FALSE,"POLYGON ((-12307993.635928085 5727655.296766481, -12308006.103711054 5727647.490883695, -12307995.417039938 5727635.543117158, -12307979.275713773 5727649.880438924, -12307993.635928085 5727655.296766481))",85QFMCCP+35
Wayfinding&Signage,W13,D1 Entrance,348.41,1,FALSE,"POLYGON ((-12307981.613423081 5727657.049108454, -12307998.42266619 5727646.216454502, -12307988.181273038 5727631.401228496, -12307972.151266363 5727642.711775159, -12307981.613423081 5727657.049108454))",85QFMCCP+35
Water Services,WS01,Clean water fountains and drinking water,354.23,1.02,FALSE,"POLYGON ((-12308241.43311459 5727597.310371822, -12308251.563188255 5727584.725462345, -12308238.984085795 5727566.883595808, -12308234.308667181 5727572.299872948, -12308228.297414677 5727581.220807173, -12308241.43311459 5727597.310371822))",85QFMC9M+V7
Water Services,WS02,drinking fountains,930.97,1,FALSE,"POLYGON ((-12308240.208600191 5727538.846449095, -12308256.906523813 5727526.898828138, -12308270.153543215 5727513.6768129375, -12308248.000964548 5727496.950195296, -12308225.959705371 5727520.367468782, -12308240.208600191 5727538.846449095))",85QFMC9M+P7
